bbb00001;aaa00001
bbb00002;aaa00002
bbb00003;aaa00003
bbb00004;aaa00004
bbb00005;aaa00005
bbb00006;aaa00006
bbb00007;aaa00007
bbb00008;aaa00008
bbb00009;aaa00009
bbb00010;aaa00010
bbb00011;aaa00011
bbb00012;aaa00012
bbb00013;aaa00013
bbb00014;aaa00014
bbb00015;aaa00015
bbb00016;aaa00016
bbb00017;aaa00017
bbb00018;aaa00018
bbb00019;aaa00019
bbb00020;aaa00020
bbb00021;aaa00021
bbb00022;aaa00022
bbb00023;aaa00023
bbb00024;aaa00024
bbb00025;aaa00025
bbb00026;aaa00026
bbb00027;aaa00027
bbb00028;aaa00028
bbb00029;aaa00029
bbb00030;aaa00030
bbb00031;aaa00031
bbb00032;aaa00032
bbb00033;aaa00033
bbb00034;aaa00034
bbb00035;aaa00035
bbb00036;aaa00036
bbb00037;aaa00037
